,Bankura, Barddhaman  ,Birbhum,Dakshin Dinajpur,Darjiling,Haora,Hugli,Jalpaiguri,Koch Bihar,Kolkata,Maldah,Murshidabad,Nadia,North Twenty Four Parganas,Paschim Medinipur,Purba Medinipur,Puruliya,South Twenty Four Parganas,Uttar Dinajpur
2008,3429285.302,7461156,3298822.771,1604765.136,1747817.774,4610454.954,5323084.889,3676796.774,2677851.361,4527013.305,3693272.608,6580340.48,4934676.206,9564861.5,3284012.966,3284012.966,2765832.286,7634571.547,2766784.14
2008.038462,3470387.596,7461156,3348580.916,1622351.64,1772060.04,4669215.529,5371437.108,3724858.475,2712482.416,4519414.367,3765046.237,6707474.999,4991903.926,9674202.155,3082129.201,3082129.201,2806018.615,7763134.863,2825007.814
2008.076923,3470387.596,7461156,3348580.916,1622351.64,1772060.04,4669215.529,5371437.108,3724858.475,2712482.416,4519414.367,3765046.237,6707474.999,4991903.926,9674202.155,3082129.201,3082129.201,2806018.615,7763134.863,2825007.814
2008.115385,3470387.596,7461156,3348580.916,1622351.64,1772060.04,4669215.529,5371437.108,3724858.475,2712482.416,4519414.367,3765046.237,6707474.999,4991903.926,9674202.155,3082129.201,3082129.201,2806018.615,7763134.863,2825007.814
2008.153846,3470387.596,7461156,3348580.916,1622351.64,1772060.04,4669215.529,5371437.108,3724858.475,2712482.416,4519414.367,3765046.237,6707474.999,4991903.926,9674202.155,3082129.201,3082129.201,2806018.615,7763134.863,2825007.814
2008.192308,3470387.596,7461156,3348580.916,1622351.64,1772060.04,4669215.529,5371437.108,3724858.475,2712482.416,4519414.367,3765046.237,6707474.999,4991903.926,9674202.155,3082129.201,3082129.201,2806018.615,7763134.863,2825007.814
2008.230769,3470387.596,7461156,3348580.916,1622351.64,1772060.04,4669215.529,5371437.108,3724858.475,2712482.416,4519414.367,3765046.237,6707474.999,4991903.926,9674202.155,3082129.201,3082129.201,2806018.615,7763134.863,2825007.814
2008.269231,3470388,7461156,3348581,1622352,1772060,4669216,5371437,3724858,2712482,4519414,3765046,6707475,4991904,9674202,3082129,3082129,2806019,7763135,2825008
2008.307692,3470388,7461156,3348581,1622352,1772060,4669216,5371437,3724858,2712482,4519414,3765046,6707475,4991904,9674202,3082129,3082129,2806019,7763135,2825008
2008.346154,3470388,7461156,3348581,1622352,1772060,4669216,5371437,3724858,2712482,4519414,3765046,6707475,4991904,9674202,3082129,3082129,2806019,7763135,2825008
2008.384615,3470388,7461156,3348581,1622352,1772060,4669216,5371437,3724858,2712482,4519414,3765046,6707475,4991904,9674202,3082129,3082129,2806019,7763135,2825008
2008.423077,3470388,7461156,3348581,1622352,1772060,4669216,5371437,3724858,2712482,4519414,3765046,6707475,4991904,9674202,3082129,3082129,2806019,7763135,2825008
2008.461538,3470388,7461156,3348581,1622352,1772060,4669216,5371437,3724858,2712482,4519414,3765046,6707475,4991904,9674202,3082129,3082129,2806019,7763135,2825008
2008.5,3470388,7461156,3348581,1622352,1772060,4669216,5371437,3724858,2712482,4519414,3765046,6707475,4991904,9674202,3082129,3082129,2806019,7763135,2825008
2008.538462,3470388,7461156,3348581,1622352,1772060,4669216,5371437,3724858,2712482,4519414,3765046,6707475,4991904,9674202,3082129,3082129,2806019,7763135,2825008
2008.576923,3470388,7461156,3348581,1622352,1772060,4669216,5371437,3724858,2712482,4519414,3765046,6707475,4991904,9674202,3082129,3082129,2806019,7763135,2825008
2008.615385,3470388,7461156,3348581,1622352,1772060,4669216,5371437,3724858,2712482,4519414,3765046,6707475,4991904,9674202,3082129,3082129,2806019,7763135,2825008
2008.653846,3470388,7461156,3348581,1622352,1772060,4669216,5371437,3724858,2712482,4519414,3765046,6707475,4991904,9674202,3082129,3082129,2806019,7763135,2825008
2008.692308,3470388,7461156,3348581,1622352,1772060,4669216,5371437,3724858,2712482,4519414,3765046,6707475,4991904,9674202,3082129,3082129,2806019,7763135,2825008
2008.730769,3470388,7461156,3348581,1622352,1772060,4669216,5371437,3724858,2712482,4519414,3765046,6707475,4991904,9674202,3082129,3082129,2806019,7763135,2825008
2008.769231,3470388,7461156,3348581,1622352,1772060,4669216,5371437,3724858,2712482,4519414,3765046,6707475,4991904,9674202,3082129,3082129,2806019,7763135,2825008
2008.807692,3470388,7461156,3348581,1622352,1772060,4669216,5371437,3724858,2712482,4519414,3765046,6707475,4991904,9674202,3082129,3082129,2806019,7763135,2825008
2008.846154,3470388,7461156,3348581,1622352,1772060,4669216,5371437,3724858,2712482,4519414,3765046,6707475,4991904,9674202,3082129,3082129,2806019,7763135,2825008
2008.884615,3470388,7461156,3348581,1622352,1772060,4669216,5371437,3724858,2712482,4519414,3765046,6707475,4991904,9674202,3082129,3082129,2806019,7763135,2825008
2008.923077,3470388,7461156,3348581,1622352,1772060,4669216,5371437,3724858,2712482,4519414,3765046,6707475,4991904,9674202,3082129,3082129,2806019,7763135,2825008
2008.961538,3470388,7461156,3348581,1622352,1772060,4669216,5371437,3724858,2712482,4519414,3765046,6707475,4991904,9674202,3082129,3082129,2806019,7763135,2825008
2009,3470388,7545664,3348581,1622352,1772060,4669216,5371437,3724858,2712482,4519414,3765046,6707475,4991904,9674202,3082129,3082129,2806019,7763135,2825008
2009.038462,3511983,7545664,3399090,1640131,1796639,4728725,5420229,3773548,2747561,4511828,3838215,6837066,5049795,9784793,2892656,2892656,2846789,7893863,2884457
2009.076923,3511983,7545664,3399090,1640131,1796639,4728725,5420229,3773548,2747561,4511828,3838215,6837066,5049795,9784793,2892656,2892656,2846789,7893863,2884457
2009.115385,3511983,7545664,3399090,1640131,1796639,4728725,5420229,3773548,2747561,4511828,3838215,6837066,5049795,9784793,2892656,2892656,2846789,7893863,2884457
2009.153846,3511983,7545664,3399090,1640131,1796639,4728725,5420229,3773548,2747561,4511828,3838215,6837066,5049795,9784793,2892656,2892656,2846789,7893863,2884457
2009.192308,3511983,7545664,3399090,1640131,1796639,4728725,5420229,3773548,2747561,4511828,3838215,6837066,5049795,9784793,2892656,2892656,2846789,7893863,2884457
2009.230769,3511983,7545664,3399090,1640131,1796639,4728725,5420229,3773548,2747561,4511828,3838215,6837066,5049795,9784793,2892656,2892656,2846789,7893863,2884457
2009.269231,3511983,7545664,3399090,1640131,1796639,4728725,5420229,3773548,2747561,4511828,3838215,6837066,5049795,9784793,2892656,2892656,2846789,7893863,2884457
2009.307692,3511983,7545664,3399090,1640131,1796639,4728725,5420229,3773548,2747561,4511828,3838215,6837066,5049795,9784793,2892656,2892656,2846789,7893863,2884457
2009.346154,3511983,7545664,3399090,1640131,1796639,4728725,5420229,3773548,2747561,4511828,3838215,6837066,5049795,9784793,2892656,2892656,2846789,7893863,2884457
2009.384615,3511983,7545664,3399090,1640131,1796639,4728725,5420229,3773548,2747561,4511828,3838215,6837066,5049795,9784793,2892656,2892656,2846789,7893863,2884457
2009.423077,3511983,7545664,3399090,1640131,1796639,4728725,5420229,3773548,2747561,4511828,3838215,6837066,5049795,9784793,2892656,2892656,2846789,7893863,2884457
2009.461538,3511983,7545664,3399090,1640131,1796639,4728725,5420229,3773548,2747561,4511828,3838215,6837066,5049795,9784793,2892656,2892656,2846789,7893863,2884457
2009.5,3511983,7545664,3399090,1640131,1796639,4728725,5420229,3773548,2747561,4511828,3838215,6837066,5049795,9784793,2892656,2892656,2846789,7893863,2884457
2009.538462,3511983,7545664,3399090,1640131,1796639,4728725,5420229,3773548,2747561,4511828,3838215,6837066,5049795,9784793,2892656,2892656,2846789,7893863,2884457
2009.576923,3511983,7545664,3399090,1640131,1796639,4728725,5420229,3773548,2747561,4511828,3838215,6837066,5049795,9784793,2892656,2892656,2846789,7893863,2884457
2009.615385,3511983,7545664,3399090,1640131,1796639,4728725,5420229,3773548,2747561,4511828,3838215,6837066,5049795,9784793,2892656,2892656,2846789,7893863,2884457
2009.653846,3511983,7545664,3399090,1640131,1796639,4728725,5420229,3773548,2747561,4511828,3838215,6837066,5049795,9784793,2892656,2892656,2846789,7893863,2884457
2009.692308,3511983,7545664,3399090,1640131,1796639,4728725,5420229,3773548,2747561,4511828,3838215,6837066,5049795,9784793,2892656,2892656,2846789,7893863,2884457
2009.730769,3511983,7545664,3399090,1640131,1796639,4728725,5420229,3773548,2747561,4511828,3838215,6837066,5049795,9784793,2892656,2892656,2846789,7893863,2884457
2009.769231,3511983,7545664,3399090,1640131,1796639,4728725,5420229,3773548,2747561,4511828,3838215,6837066,5049795,9784793,2892656,2892656,2846789,7893863,2884457
2009.807692,3511983,7545664,3399090,1640131,1796639,4728725,5420229,3773548,2747561,4511828,3838215,6837066,5049795,9784793,2892656,2892656,2846789,7893863,2884457
2009.846154,3511983,7545664,3399090,1640131,1796639,4728725,5420229,3773548,2747561,4511828,3838215,6837066,5049795,9784793,2892656,2892656,2846789,7893863,2884457
2009.884615,3511983,7545664,3399090,1640131,1796639,4728725,5420229,3773548,2747561,4511828,3838215,6837066,5049795,9784793,2892656,2892656,2846789,7893863,2884457
2009.923077,3511983,7545664,3399090,1640131,1796639,4728725,5420229,3773548,2747561,4511828,3838215,6837066,5049795,9784793,2892656,2892656,2846789,7893863,2884457
2009.961538,3511983,7545664,3399090,1640131,1796639,4728725,5420229,3773548,2747561,4511828,3838215,6837066,5049795,9784793,2892656,2892656,2846789,7893863,2884457
2010,3511983,7631130,3399090,1640131,1796639,4728725,5420229,3773548,2747561,4511828,3838215,6837066,5049795,9784793,2892656,2892656,2846789,7893863,2884457
2010.038462,3554076,7631130,3450360,1658105,1821558,4788993,5469463,3822875,2783094,4504255,3912805,6969160,5108358,9896648,2714831,2714831,2888151,8026793,2945157
2010.076923,3554076,7631130,3450360,1658105,1821558,4788993,5469463,3822875,2783094,4504255,3912805,6969160,5108358,9896648,2714831,2714831,2888151,8026793,2945157
2010.115385,3554076,7631130,3450360,1658105,1821558,4788993,5469463,3822875,2783094,4504255,3912805,6969160,5108358,9896648,2714831,2714831,2888151,8026793,2945157
2010.153846,3554076,7631130,3450360,1658105,1821558,4788993,5469463,3822875,2783094,4504255,3912805,6969160,5108358,9896648,2714831,2714831,2888151,8026793,2945157
2010.192308,3554076,7631130,3450360,1658105,1821558,4788993,5469463,3822875,2783094,4504255,3912805,6969160,5108358,9896648,2714831,2714831,2888151,8026793,2945157
2010.230769,3554076,7631130,3450360,1658105,1821558,4788993,5469463,3822875,2783094,4504255,3912805,6969160,5108358,9896648,2714831,2714831,2888151,8026793,2945157
2010.269231,3554076,7631130,3450360,1658105,1821558,4788993,5469463,3822875,2783094,4504255,3912805,6969160,5108358,9896648,2714831,2714831,2888151,8026793,2945157
2010.307692,3554076,7631130,3450360,1658105,1821558,4788993,5469463,3822875,2783094,4504255,3912805,6969160,5108358,9896648,2714831,2714831,2888151,8026793,2945157
2010.346154,3554076,7631130,3450360,1658105,1821558,4788993,5469463,3822875,2783094,4504255,3912805,6969160,5108358,9896648,2714831,2714831,2888151,8026793,2945157
2010.384615,3554076,7631130,3450360,1658105,1821558,4788993,5469463,3822875,2783094,4504255,3912805,6969160,5108358,9896648,2714831,2714831,2888151,8026793,2945157
2010.423077,3554076,7631130,3450360,1658105,1821558,4788993,5469463,3822875,2783094,4504255,3912805,6969160,5108358,9896648,2714831,2714831,2888151,8026793,2945157
2010.461538,3554076,7631130,3450360,1658105,1821558,4788993,5469463,3822875,2783094,4504255,3912805,6969160,5108358,9896648,2714831,2714831,2888151,8026793,2945157
2010.5,3554076,7631130,3450360,1658105,1821558,4788993,5469463,3822875,2783094,4504255,3912805,6969160,5108358,9896648,2714831,2714831,2888151,8026793,2945157
2010.538462,3554076,7631130,3450360,1658105,1821558,4788993,5469463,3822875,2783094,4504255,3912805,6969160,5108358,9896648,2714831,2714831,2888151,8026793,2945157
2010.576923,3554076,7631130,3450360,1658105,1821558,4788993,5469463,3822875,2783094,4504255,3912805,6969160,5108358,9896648,2714831,2714831,2888151,8026793,2945157
2010.615385,3554076,7631130,3450360,1658105,1821558,4788993,5469463,3822875,2783094,4504255,3912805,6969160,5108358,9896648,2714831,2714831,2888151,8026793,2945157
2010.653846,3554076,7631130,3450360,1658105,1821558,4788993,5469463,3822875,2783094,4504255,3912805,6969160,5108358,9896648,2714831,2714831,2888151,8026793,2945157
2010.692308,3554076,7631130,3450360,1658105,1821558,4788993,5469463,3822875,2783094,4504255,3912805,6969160,5108358,9896648,2714831,2714831,2888151,8026793,2945157
2010.730769,3554076,7631130,3450360,1658105,1821558,4788993,5469463,3822875,2783094,4504255,3912805,6969160,5108358,9896648,2714831,2714831,2888151,8026793,2945157
2010.769231,3554076,7631130,3450360,1658105,1821558,4788993,5469463,3822875,2783094,4504255,3912805,6969160,5108358,9896648,2714831,2714831,2888151,8026793,2945157
2010.807692,3554076,7631130,3450360,1658105,1821558,4788993,5469463,3822875,2783094,4504255,3912805,6969160,5108358,9896648,2714831,2714831,2888151,8026793,2945157
2010.846154,3554076,7631130,3450360,1658105,1821558,4788993,5469463,3822875,2783094,4504255,3912805,6969160,5108358,9896648,2714831,2714831,2888151,8026793,2945157
2010.884615,3554076,7631130,3450360,1658105,1821558,4788993,5469463,3822875,2783094,4504255,3912805,6969160,5108358,9896648,2714831,2714831,2888151,8026793,2945157
2010.923077,3554076,7631130,3450360,1658105,1821558,4788993,5469463,3822875,2783094,4504255,3912805,6969160,5108358,9896648,2714831,2714831,2888151,8026793,2945157
2010.961538,3554076,7631130,3450360,1658105,1821558,4788993,5469463,3822875,2783094,4504255,3912805,6969160,5108358,9896648,2714831,2714831,2888151,8026793,2945157
2011,3554076,7717563,3450360,1658105,1821558,4788993,5469463,3822875,2783094,4504255,3912805,6969160,5108358,9896648,2714831,2714831,2888151,8026793,2945157
2011.038462,3596674,7717563,3502404,1676276,1846823,4850029,5519145,3872846,2819086,4496694,3988845,7103807,5167600,10009781,2547938,2547938,2930115,8161961,3007134
2011.076923,3596674,7717563,3502404,1676276,1846823,4850029,5519145,3872846,2819086,4496694,3988845,7103807,5167600,10009781,2547938,2547938,2930115,8161961,3007134
2011.115385,3596674,7717563,3502404,1676276,1846823,4850029,5519145,3872846,2819086,4496694,3988845,7103807,5167600,10009781,2547938,2547938,2930115,8161961,3007134
2011.153846,3596674,7717563,3502404,1676276,1846823,4850029,5519145,3872846,2819086,4496694,3988845,7103807,5167600,10009781,2547938,2547938,2930115,8161961,3007134
2011.192308,3596674,7717563,3502404,1676276,1846823,4850029,5519145,3872846,2819086,4496694,3988845,7103807,5167600,10009781,2547938,2547938,2930115,8161961,3007134
2011.230769,3596674,7717563,3502404,1676276,1846823,4850029,5519145,3872846,2819086,4496694,3988845,7103807,5167600,10009781,2547938,2547938,2930115,8161961,3007134
2011.269231,3596674,7717563,3502404,1676276,1846823,4850029,5519145,3872846,2819086,4496694,3988845,7103807,5167600,10009781,2547938,2547938,2930115,8161961,3007134
2011.307692,3596674,7717563,3502404,1676276,1846823,4850029,5519145,3872846,2819086,4496694,3988845,7103807,5167600,10009781,2547938,2547938,2930115,8161961,3007134
2011.346154,3596674,7717563,3502404,1676276,1846823,4850029,5519145,3872846,2819086,4496694,3988845,7103807,5167600,10009781,2547938,2547938,2930115,8161961,3007134
2011.384615,3596674,7717563,3502404,1676276,1846823,4850029,5519145,3872846,2819086,4496694,3988845,7103807,5167600,10009781,2547938,2547938,2930115,8161961,3007134
2011.423077,3596674,7717563,3502404,1676276,1846823,4850029,5519145,3872846,2819086,4496694,3988845,7103807,5167600,10009781,2547938,2547938,2930115,8161961,3007134
2011.461538,3596674,7717563,3502404,1676276,1846823,4850029,5519145,3872846,2819086,4496694,3988845,7103807,5167600,10009781,2547938,2547938,2930115,8161961,3007134
2011.5,3596674,7717563,3502404,1676276,1846823,4850029,5519145,3872846,2819086,4496694,3988845,7103807,5167600,10009781,2547938,2547938,2930115,8161961,3007134
2011.538462,3596674,7717563,3502404,1676276,1846823,4850029,5519145,3872846,2819086,4496694,3988845,7103807,5167600,10009781,2547938,2547938,2930115,8161961,3007134
2011.576923,3596674,7717563,3502404,1676276,1846823,4850029,5519145,3872846,2819086,4496694,3988845,7103807,5167600,10009781,2547938,2547938,2930115,8161961,3007134
2011.615385,3596674,7717563,3502404,1676276,1846823,4850029,5519145,3872846,2819086,4496694,3988845,7103807,5167600,10009781,2547938,2547938,2930115,8161961,3007134
2011.653846,3596674,7717563,3502404,1676276,1846823,4850029,5519145,3872846,2819086,4496694,3988845,7103807,5167600,10009781,2547938,2547938,2930115,8161961,3007134
2011.692308,3596674,7717563,3502404,1676276,1846823,4850029,5519145,3872846,2819086,4496694,3988845,7103807,5167600,10009781,2547938,2547938,2930115,8161961,3007134
2011.730769,3596674,7717563,3502404,1676276,1846823,4850029,5519145,3872846,2819086,4496694,3988845,7103807,5167600,10009781,2547938,2547938,2930115,8161961,3007134
2011.769231,3596674,7717563,3502404,1676276,1846823,4850029,5519145,3872846,2819086,4496694,3988845,7103807,5167600,10009781,2547938,2547938,2930115,8161961,3007134
2011.807692,3596674,7717563,3502404,1676276,1846823,4850029,5519145,3872846,2819086,4496694,3988845,7103807,5167600,10009781,2547938,2547938,2930115,8161961,3007134
2011.846154,3596674,7717563,3502404,1676276,1846823,4850029,5519145,3872846,2819086,4496694,3988845,7103807,5167600,10009781,2547938,2547938,2930115,8161961,3007134
2011.884615,3596674,7717563,3502404,1676276,1846823,4850029,5519145,3872846,2819086,4496694,3988845,7103807,5167600,10009781,2547938,2547938,2930115,8161961,3007134
2011.923077,3596674,7717563,3502404,1676276,1846823,4850029,5519145,3872846,2819086,4496694,3988845,7103807,5167600,10009781,2547938,2547938,2930115,8161961,3007134
2011.961538,3596674,7717563,3502404,1676276,1846823,4850029,5519145,3872846,2819086,4496694,3988845,7103807,5167600,10009781,2547938,2547938,2930115,8161961,3007134
2012,3596674,7804975,3502404,1676276,1846823,4850029,5519145,3872846,2819086,4496694,3988845,7103807,5167600,10009781,2547938,2547938,2930115,8161961,3007134
2012.038462,3639783,7804975,3555233,1694646,1872438,4911843,5569278,3923470,2855544,4489146,4066363,7241055,5227529,10124208,2391304,2391304,2972688,8299405,3070416
2012.076923,3639783,7804975,3555233,1694646,1872438,4911843,5569278,3923470,2855544,4489146,4066363,7241055,5227529,10124208,2391304,2391304,2972688,8299405,3070416
2012.115385,3639783,7804975,3555233,1694646,1872438,4911843,5569278,3923470,2855544,4489146,4066363,7241055,5227529,10124208,2391304,2391304,2972688,8299405,3070416
2012.153846,3639783,7804975,3555233,1694646,1872438,4911843,5569278,3923470,2855544,4489146,4066363,7241055,5227529,10124208,2391304,2391304,2972688,8299405,3070416
2012.192308,3639783,7804975,3555233,1694646,1872438,4911843,5569278,3923470,2855544,4489146,4066363,7241055,5227529,10124208,2391304,2391304,2972688,8299405,3070416
2012.230769,3639783,7804975,3555233,1694646,1872438,4911843,5569278,3923470,2855544,4489146,4066363,7241055,5227529,10124208,2391304,2391304,2972688,8299405,3070416
2012.269231,3639783,7804975,3555233,1694646,1872438,4911843,5569278,3923470,2855544,4489146,4066363,7241055,5227529,10124208,2391304,2391304,2972688,8299405,3070416
2012.307692,3639783,7804975,3555233,1694646,1872438,4911843,5569278,3923470,2855544,4489146,4066363,7241055,5227529,10124208,2391304,2391304,2972688,8299405,3070416
2012.346154,3639783,7804975,3555233,1694646,1872438,4911843,5569278,3923470,2855544,4489146,4066363,7241055,5227529,10124208,2391304,2391304,2972688,8299405,3070416
2012.384615,3639783,7804975,3555233,1694646,1872438,4911843,5569278,3923470,2855544,4489146,4066363,7241055,5227529,10124208,2391304,2391304,2972688,8299405,3070416
2012.423077,3639783,7804975,3555233,1694646,1872438,4911843,5569278,3923470,2855544,4489146,4066363,7241055,5227529,10124208,2391304,2391304,2972688,8299405,3070416
2012.461538,3639783,7804975,3555233,1694646,1872438,4911843,5569278,3923470,2855544,4489146,4066363,7241055,5227529,10124208,2391304,2391304,2972688,8299405,3070416
2012.5,3639783,7804975,3555233,1694646,1872438,4911843,5569278,3923470,2855544,4489146,4066363,7241055,5227529,10124208,2391304,2391304,2972688,8299405,3070416
2012.538462,3639783,7804975,3555233,1694646,1872438,4911843,5569278,3923470,2855544,4489146,4066363,7241055,5227529,10124208,2391304,2391304,2972688,8299405,3070416
2012.576923,3639783,7804975,3555233,1694646,1872438,4911843,5569278,3923470,2855544,4489146,4066363,7241055,5227529,10124208,2391304,2391304,2972688,8299405,3070416
2012.615385,3639783,7804975,3555233,1694646,1872438,4911843,5569278,3923470,2855544,4489146,4066363,7241055,5227529,10124208,2391304,2391304,2972688,8299405,3070416
2012.653846,3639783,7804975,3555233,1694646,1872438,4911843,5569278,3923470,2855544,4489146,4066363,7241055,5227529,10124208,2391304,2391304,2972688,8299405,3070416
2012.692308,3639783,7804975,3555233,1694646,1872438,4911843,5569278,3923470,2855544,4489146,4066363,7241055,5227529,10124208,2391304,2391304,2972688,8299405,3070416
2012.730769,3639783,7804975,3555233,1694646,1872438,4911843,5569278,3923470,2855544,4489146,4066363,7241055,5227529,10124208,2391304,2391304,2972688,8299405,3070416
2012.769231,3639783,7804975,3555233,1694646,1872438,4911843,5569278,3923470,2855544,4489146,4066363,7241055,5227529,10124208,2391304,2391304,2972688,8299405,3070416
2012.807692,3639783,7804975,3555233,1694646,1872438,4911843,5569278,3923470,2855544,4489146,4066363,7241055,5227529,10124208,2391304,2391304,2972688,8299405,3070416
2012.846154,3639783,7804975,3555233,1694646,1872438,4911843,5569278,3923470,2855544,4489146,4066363,7241055,5227529,10124208,2391304,2391304,2972688,8299405,3070416
2012.884615,3639783,7804975,3555233,1694646,1872438,4911843,5569278,3923470,2855544,4489146,4066363,7241055,5227529,10124208,2391304,2391304,2972688,8299405,3070416
2012.923077,3639783,7804975,3555233,1694646,1872438,4911843,5569278,3923470,2855544,4489146,4066363,7241055,5227529,10124208,2391304,2391304,2972688,8299405,3070416
2012.961538,3639783,7804975,3555233,1694646,1872438,4911843,5569278,3923470,2855544,4489146,4066363,7241055,5227529,10124208,2391304,2391304,2972688,8299405,3070416
2013,3639783,7893378,3555233,1694646,1872438,4911843,5569278,3923470,2855544,4489146,4066363,7241055,5227529,10124208,2391304,2391304,2972688,8299405,3070416
2013.038462,3683408,7893378,3608859,1713218,1898409,4974445,5619867,3974757,2892473,4481611,4145387,7380955,5288153,10239943,2244299,2244299,3015880,8439164,3135029
2013.076923,3683408,7893378,3608859,1713218,1898409,4974445,5619867,3974757,2892473,4481611,4145387,7380955,5288153,10239943,2244299,2244299,3015880,8439164,3135029
2013.115385,3683408,7893378,3608859,1713218,1898409,4974445,5619867,3974757,2892473,4481611,4145387,7380955,5288153,10239943,2244299,2244299,3015880,8439164,3135029
2013.153846,3683408,7893378,3608859,1713218,1898409,4974445,5619867,3974757,2892473,4481611,4145387,7380955,5288153,10239943,2244299,2244299,3015880,8439164,3135029
2013.192308,3683408,7893378,3608859,1713218,1898409,4974445,5619867,3974757,2892473,4481611,4145387,7380955,5288153,10239943,2244299,2244299,3015880,8439164,3135029
2013.230769,3683408,7893378,3608859,1713218,1898409,4974445,5619867,3974757,2892473,4481611,4145387,7380955,5288153,10239943,2244299,2244299,3015880,8439164,3135029
2013.269231,3683408,7893378,3608859,1713218,1898409,4974445,5619867,3974757,2892473,4481611,4145387,7380955,5288153,10239943,2244299,2244299,3015880,8439164,3135029
2013.307692,3683408,7893378,3608859,1713218,1898409,4974445,5619867,3974757,2892473,4481611,4145387,7380955,5288153,10239943,2244299,2244299,3015880,8439164,3135029
2013.346154,3683408,7893378,3608859,1713218,1898409,4974445,5619867,3974757,2892473,4481611,4145387,7380955,5288153,10239943,2244299,2244299,3015880,8439164,3135029
2013.384615,3683408,7893378,3608859,1713218,1898409,4974445,5619867,3974757,2892473,4481611,4145387,7380955,5288153,10239943,2244299,2244299,3015880,8439164,3135029
2013.423077,3683408,7893378,3608859,1713218,1898409,4974445,5619867,3974757,2892473,4481611,4145387,7380955,5288153,10239943,2244299,2244299,3015880,8439164,3135029
2013.461538,3683408,7893378,3608859,1713218,1898409,4974445,5619867,3974757,2892473,4481611,4145387,7380955,5288153,10239943,2244299,2244299,3015880,8439164,3135029
2013.5,3683408,7893378,3608859,1713218,1898409,4974445,5619867,3974757,2892473,4481611,4145387,7380955,5288153,10239943,2244299,2244299,3015880,8439164,3135029
2013.538462,3683408,7893378,3608859,1713218,1898409,4974445,5619867,3974757,2892473,4481611,4145387,7380955,5288153,10239943,2244299,2244299,3015880,8439164,3135029
2013.576923,3683408,7893378,3608859,1713218,1898409,4974445,5619867,3974757,2892473,4481611,4145387,7380955,5288153,10239943,2244299,2244299,3015880,8439164,3135029
2013.615385,3683408,7893378,3608859,1713218,1898409,4974445,5619867,3974757,2892473,4481611,4145387,7380955,5288153,10239943,2244299,2244299,3015880,8439164,3135029
2013.653846,3683408,7893378,3608859,1713218,1898409,4974445,5619867,3974757,2892473,4481611,4145387,7380955,5288153,10239943,2244299,2244299,3015880,8439164,3135029
2013.692308,3683408,7893378,3608859,1713218,1898409,4974445,5619867,3974757,2892473,4481611,4145387,7380955,5288153,10239943,2244299,2244299,3015880,8439164,3135029
2013.730769,3683408,7893378,3608859,1713218,1898409,4974445,5619867,3974757,2892473,4481611,4145387,7380955,5288153,10239943,2244299,2244299,3015880,8439164,3135029
2013.769231,3683408,7893378,3608859,1713218,1898409,4974445,5619867,3974757,2892473,4481611,4145387,7380955,5288153,10239943,2244299,2244299,3015880,8439164,3135029
2013.807692,3683408,7893378,3608859,1713218,1898409,4974445,5619867,3974757,2892473,4481611,4145387,7380955,5288153,10239943,2244299,2244299,3015880,8439164,3135029
2013.846154,3683408,7893378,3608859,1713218,1898409,4974445,5619867,3974757,2892473,4481611,4145387,7380955,5288153,10239943,2244299,2244299,3015880,8439164,3135029
2013.884615,3683408,7893378,3608859,1713218,1898409,4974445,5619867,3974757,2892473,4481611,4145387,7380955,5288153,10239943,2244299,2244299,3015880,8439164,3135029
2013.923077,3683408,7893378,3608859,1713218,1898409,4974445,5619867,3974757,2892473,4481611,4145387,7380955,5288153,10239943,2244299,2244299,3015880,8439164,3135029
2013.961538,3683408,7893378,3608859,1713218,1898409,4974445,5619867,3974757,2892473,4481611,4145387,7380955,5288153,10239943,2244299,2244299,3015880,8439164,3135029
2014,3683408,7982782,3608859,1713218,1898409,4974445,5619867,3974757,2892473,4481611,4145387,7380955,5288153,10239943,2244299,2244299,3015880,8439164,3135029
2014.038462,3727556,7982782,3663293,1731993,1924740,5037844,5670915,4026713,2929879,4474088,4225947,7523558,5349480,10357000,2106331,2106331,3059700,8581277,3201002
2014.076923,3727556,7982782,3663293,1731993,1924740,5037844,5670915,4026713,2929879,4474088,4225947,7523558,5349480,10357000,2106331,2106331,3059700,8581277,3201002
2014.115385,3727556,7982782,3663293,1731993,1924740,5037844,5670915,4026713,2929879,4474088,4225947,7523558,5349480,10357000,2106331,2106331,3059700,8581277,3201002
2014.153846,3727556,7982782,3663293,1731993,1924740,5037844,5670915,4026713,2929879,4474088,4225947,7523558,5349480,10357000,2106331,2106331,3059700,8581277,3201002
2014.192308,3727556,7982782,3663293,1731993,1924740,5037844,5670915,4026713,2929879,4474088,4225947,7523558,5349480,10357000,2106331,2106331,3059700,8581277,3201002
2014.230769,3727556,7982782,3663293,1731993,1924740,5037844,5670915,4026713,2929879,4474088,4225947,7523558,5349480,10357000,2106331,2106331,3059700,8581277,3201002
2014.269231,3727556,7982782,3663293,1731993,1924740,5037844,5670915,4026713,2929879,4474088,4225947,7523558,5349480,10357000,2106331,2106331,3059700,8581277,3201002
2014.307692,3727556,7982782,3663293,1731993,1924740,5037844,5670915,4026713,2929879,4474088,4225947,7523558,5349480,10357000,2106331,2106331,3059700,8581277,3201002
2014.346154,3727556,7982782,3663293,1731993,1924740,5037844,5670915,4026713,2929879,4474088,4225947,7523558,5349480,10357000,2106331,2106331,3059700,8581277,3201002
2014.384615,3727556,7982782,3663293,1731993,1924740,5037844,5670915,4026713,2929879,4474088,4225947,7523558,5349480,10357000,2106331,2106331,3059700,8581277,3201002
2014.423077,3727556,7982782,3663293,1731993,1924740,5037844,5670915,4026713,2929879,4474088,4225947,7523558,5349480,10357000,2106331,2106331,3059700,8581277,3201002
2014.461538,3727556,7982782,3663293,1731993,1924740,5037844,5670915,4026713,2929879,4474088,4225947,7523558,5349480,10357000,2106331,2106331,3059700,8581277,3201002
2014.5,3727556,7982782,3663293,1731993,1924740,5037844,5670915,4026713,2929879,4474088,4225947,7523558,5349480,10357000,2106331,2106331,3059700,8581277,3201002
2014.538462,3727556,7982782,3663293,1731993,1924740,5037844,5670915,4026713,2929879,4474088,4225947,7523558,5349480,10357000,2106331,2106331,3059700,8581277,3201002
2014.576923,3727556,7982782,3663293,1731993,1924740,5037844,5670915,4026713,2929879,4474088,4225947,7523558,5349480,10357000,2106331,2106331,3059700,8581277,3201002
2014.615385,3727556,7982782,3663293,1731993,1924740,5037844,5670915,4026713,2929879,4474088,4225947,7523558,5349480,10357000,2106331,2106331,3059700,8581277,3201002
2014.653846,3727556,7982782,3663293,1731993,1924740,5037844,5670915,4026713,2929879,4474088,4225947,7523558,5349480,10357000,2106331,2106331,3059700,8581277,3201002
2014.692308,3727556,7982782,3663293,1731993,1924740,5037844,5670915,4026713,2929879,4474088,4225947,7523558,5349480,10357000,2106331,2106331,3059700,8581277,3201002
2014.730769,3727556,7982782,3663293,1731993,1924740,5037844,5670915,4026713,2929879,4474088,4225947,7523558,5349480,10357000,2106331,2106331,3059700,8581277,3201002
2014.769231,3727556,7982782,3663293,1731993,1924740,5037844,5670915,4026713,2929879,4474088,4225947,7523558,5349480,10357000,2106331,2106331,3059700,8581277,3201002
2014.807692,3727556,7982782,3663293,1731993,1924740,5037844,5670915,4026713,2929879,4474088,4225947,7523558,5349480,10357000,2106331,2106331,3059700,8581277,3201002
2014.846154,3727556,7982782,3663293,1731993,1924740,5037844,5670915,4026713,2929879,4474088,4225947,7523558,5349480,10357000,2106331,2106331,3059700,8581277,3201002
2014.884615,3727556,7982782,3663293,1731993,1924740,5037844,5670915,4026713,2929879,4474088,4225947,7523558,5349480,10357000,2106331,2106331,3059700,8581277,3201002
2014.923077,3727556,7982782,3663293,1731993,1924740,5037844,5670915,4026713,2929879,4474088,4225947,7523558,5349480,10357000,2106331,2106331,3059700,8581277,3201002
2014.961538,3727556,7982782,3663293,1731993,1924740,5037844,5670915,4026713,2929879,4474088,4225947,7523558,5349480,10357000,2106331,2106331,3059700,8581277,3201002
2015,3727556,8073198,3663293,1731993,1924740,5037844,5670915,4026713,2929879,4474088,4225947,7523558,5349480,10357000,2106331,2106331,3059700,8581277,3201002
2015.038462,3772233,8073198,3718549,1750974,1951436,5102052,5722426,4079349,2967770,4466578,4308072,7668915,5411518,10475396,1976845,1976845,3104156,8725782,3268363
2015.076923,3772233,8073198,3718549,1750974,1951436,5102052,5722426,4079349,2967770,4466578,4308072,7668915,5411518,10475396,1976845,1976845,3104156,8725782,3268363
2015.115385,3772233,8073198,3718549,1750974,1951436,5102052,5722426,4079349,2967770,4466578,4308072,7668915,5411518,10475396,1976845,1976845,3104156,8725782,3268363
2015.153846,3772233,8073198,3718549,1750974,1951436,5102052,5722426,4079349,2967770,4466578,4308072,7668915,5411518,10475396,1976845,1976845,3104156,8725782,3268363
2015.192308,3772233,8073198,3718549,1750974,1951436,5102052,5722426,4079349,2967770,4466578,4308072,7668915,5411518,10475396,1976845,1976845,3104156,8725782,3268363
2015.230769,3772233,8073198,3718549,1750974,1951436,5102052,5722426,4079349,2967770,4466578,4308072,7668915,5411518,10475396,1976845,1976845,3104156,8725782,3268363
2015.269231,3772233,8073198,3718549,1750974,1951436,5102052,5722426,4079349,2967770,4466578,4308072,7668915,5411518,10475396,1976845,1976845,3104156,8725782,3268363
2015.307692,3772233,8073198,3718549,1750974,1951436,5102052,5722426,4079349,2967770,4466578,4308072,7668915,5411518,10475396,1976845,1976845,3104156,8725782,3268363
2015.346154,3772233,8073198,3718549,1750974,1951436,5102052,5722426,4079349,2967770,4466578,4308072,7668915,5411518,10475396,1976845,1976845,3104156,8725782,3268363
2015.384615,3772233,8073198,3718549,1750974,1951436,5102052,5722426,4079349,2967770,4466578,4308072,7668915,5411518,10475396,1976845,1976845,3104156,8725782,3268363
2015.423077,3772233,8073198,3718549,1750974,1951436,5102052,5722426,4079349,2967770,4466578,4308072,7668915,5411518,10475396,1976845,1976845,3104156,8725782,3268363
2015.461538,3772233,8073198,3718549,1750974,1951436,5102052,5722426,4079349,2967770,4466578,4308072,7668915,5411518,10475396,1976845,1976845,3104156,8725782,3268363
2015.5,3772233,8073198,3718549,1750974,1951436,5102052,5722426,4079349,2967770,4466578,4308072,7668915,5411518,10475396,1976845,1976845,3104156,8725782,3268363
2015.538462,3772233,8073198,3718549,1750974,1951436,5102052,5722426,4079349,2967770,4466578,4308072,7668915,5411518,10475396,1976845,1976845,3104156,8725782,3268363
2015.576923,3772233,8073198,3718549,1750974,1951436,5102052,5722426,4079349,2967770,4466578,4308072,7668915,5411518,10475396,1976845,1976845,3104156,8725782,3268363
2015.615385,3772233,8073198,3718549,1750974,1951436,5102052,5722426,4079349,2967770,4466578,4308072,7668915,5411518,10475396,1976845,1976845,3104156,8725782,3268363
2015.653846,3772233,8073198,3718549,1750974,1951436,5102052,5722426,4079349,2967770,4466578,4308072,7668915,5411518,10475396,1976845,1976845,3104156,8725782,3268363
2015.692308,3772233,8073198,3718549,1750974,1951436,5102052,5722426,4079349,2967770,4466578,4308072,7668915,5411518,10475396,1976845,1976845,3104156,8725782,3268363
2015.730769,3772233,8073198,3718549,1750974,1951436,5102052,5722426,4079349,2967770,4466578,4308072,7668915,5411518,10475396,1976845,1976845,3104156,8725782,3268363
2015.769231,3772233,8073198,3718549,1750974,1951436,5102052,5722426,4079349,2967770,4466578,4308072,7668915,5411518,10475396,1976845,1976845,3104156,8725782,3268363
2015.807692,3772233,8073198,3718549,1750974,1951436,5102052,5722426,4079349,2967770,4466578,4308072,7668915,5411518,10475396,1976845,1976845,3104156,8725782,3268363
2015.846154,3772233,8073198,3718549,1750974,1951436,5102052,5722426,4079349,2967770,4466578,4308072,7668915,5411518,10475396,1976845,1976845,3104156,8725782,3268363
2015.884615,3772233,8073198,3718549,1750974,1951436,5102052,5722426,4079349,2967770,4466578,4308072,7668915,5411518,10475396,1976845,1976845,3104156,8725782,3268363
2015.923077,3772233,8073198,3718549,1750974,1951436,5102052,5722426,4079349,2967770,4466578,4308072,7668915,5411518,10475396,1976845,1976845,3104156,8725782,3268363
2015.961538,3772233,8073198,3718549,1750974,1951436,5102052,5722426,4079349,2967770,4466578,4308072,7668915,5411518,10475396,1976845,1976845,3104156,8725782,3268363
2016,3772233,8164638,3718549,1750974,1951436,5102052,5722426,4079349,2967770,4466578,4308072,7668915,5411518,10475396,1976845,1976845,3104156,8725782,3268363
2016.038462,3817446,8164638,3774638,1770162,1978503,5167078,5774406,4132672,3006150,4459080,4391793,7817081,5474276,10595146,1855319,1855319,3149258,8872721,3337142
2016.076923,3817446,8164638,3774638,1770162,1978503,5167078,5774406,4132672,3006150,4459080,4391793,7817081,5474276,10595146,1855319,1855319,3149258,8872721,3337142
2016.115385,3817446,8164638,3774638,1770162,1978503,5167078,5774406,4132672,3006150,4459080,4391793,7817081,5474276,10595146,1855319,1855319,3149258,8872721,3337142
2016.153846,3817446,8164638,3774638,1770162,1978503,5167078,5774406,4132672,3006150,4459080,4391793,7817081,5474276,10595146,1855319,1855319,3149258,8872721,3337142
2016.192308,3817446,8164638,3774638,1770162,1978503,5167078,5774406,4132672,3006150,4459080,4391793,7817081,5474276,10595146,1855319,1855319,3149258,8872721,3337142
2016.230769,3817446,8164638,3774638,1770162,1978503,5167078,5774406,4132672,3006150,4459080,4391793,7817081,5474276,10595146,1855319,1855319,3149258,8872721,3337142
2016.269231,3817446,8164638,3774638,1770162,1978503,5167078,5774406,4132672,3006150,4459080,4391793,7817081,5474276,10595146,1855319,1855319,3149258,8872721,3337142
2016.307692,3817446,8164638,3774638,1770162,1978503,5167078,5774406,4132672,3006150,4459080,4391793,7817081,5474276,10595146,1855319,1855319,3149258,8872721,3337142
2016.346154,3817446,8164638,3774638,1770162,1978503,5167078,5774406,4132672,3006150,4459080,4391793,7817081,5474276,10595146,1855319,1855319,3149258,8872721,3337142
2016.384615,3817446,8164638,3774638,1770162,1978503,5167078,5774406,4132672,3006150,4459080,4391793,7817081,5474276,10595146,1855319,1855319,3149258,8872721,3337142
2016.423077,3817446,8164638,3774638,1770162,1978503,5167078,5774406,4132672,3006150,4459080,4391793,7817081,5474276,10595146,1855319,1855319,3149258,8872721,3337142
2016.461538,3817446,8164638,3774638,1770162,1978503,5167078,5774406,4132672,3006150,4459080,4391793,7817081,5474276,10595146,1855319,1855319,3149258,8872721,3337142
2016.5,3817446,8164638,3774638,1770162,1978503,5167078,5774406,4132672,3006150,4459080,4391793,7817081,5474276,10595146,1855319,1855319,3149258,8872721,3337142
2016.538462,3817446,8164638,3774638,1770162,1978503,5167078,5774406,4132672,3006150,4459080,4391793,7817081,5474276,10595146,1855319,1855319,3149258,8872721,3337142
2016.576923,3817446,8164638,3774638,1770162,1978503,5167078,5774406,4132672,3006150,4459080,4391793,7817081,5474276,10595146,1855319,1855319,3149258,8872721,3337142
2016.615385,3817446,8164638,3774638,1770162,1978503,5167078,5774406,4132672,3006150,4459080,4391793,7817081,5474276,10595146,1855319,1855319,3149258,8872721,3337142
2016.653846,3817446,8164638,3774638,1770162,1978503,5167078,5774406,4132672,3006150,4459080,4391793,7817081,5474276,10595146,1855319,1855319,3149258,8872721,3337142
2016.692308,3817446,8164638,3774638,1770162,1978503,5167078,5774406,4132672,3006150,4459080,4391793,7817081,5474276,10595146,1855319,1855319,3149258,8872721,3337142
2016.730769,3817446,8164638,3774638,1770162,1978503,5167078,5774406,4132672,3006150,4459080,4391793,7817081,5474276,10595146,1855319,1855319,3149258,8872721,3337142
2016.769231,3817446,8164638,3774638,1770162,1978503,5167078,5774406,4132672,3006150,4459080,4391793,7817081,5474276,10595146,1855319,1855319,3149258,8872721,3337142
2016.807692,3817446,8164638,3774638,1770162,1978503,5167078,5774406,4132672,3006150,4459080,4391793,7817081,5474276,10595146,1855319,1855319,3149258,8872721,3337142
2016.846154,3817446,8164638,3774638,1770162,1978503,5167078,5774406,4132672,3006150,4459080,4391793,7817081,5474276,10595146,1855319,1855319,3149258,8872721,3337142
2016.884615,3817446,8164638,3774638,1770162,1978503,5167078,5774406,4132672,3006150,4459080,4391793,7817081,5474276,10595146,1855319,1855319,3149258,8872721,3337142
2016.923077,3817446,8164638,3774638,1770162,1978503,5167078,5774406,4132672,3006150,4459080,4391793,7817081,5474276,10595146,1855319,1855319,3149258,8872721,3337142
2016.961538,3817446,8164638,3774638,1770162,1978503,5167078,5774406,4132672,3006150,4459080,4391793,7817081,5474276,10595146,1855319,1855319,3149258,8872721,3337142
2017,3817446,8257114,3774638,1770162,1978503,5167078,5774406,4132672,3006150,4459080,4391793,7817081,5474276,10595146,1855319,1855319,3149258,8872721,3337142
2017.038462,3863201,8257114,3831573,1789561,2005945,5232933,5826858,4186693,3045027,4451595,4477142,7968110,5537761,10716264,1741264,1741264,3195015,9022134,3407368
2017.076923,3863201,8257114,3831573,1789561,2005945,5232933,5826858,4186693,3045027,4451595,4477142,7968110,5537761,10716264,1741264,1741264,3195015,9022134,3407368
2017.115385,3863201,8257114,3831573,1789561,2005945,5232933,5826858,4186693,3045027,4451595,4477142,7968110,5537761,10716264,1741264,1741264,3195015,9022134,3407368
2017.153846,3863201,8257114,3831573,1789561,2005945,5232933,5826858,4186693,3045027,4451595,4477142,7968110,5537761,10716264,1741264,1741264,3195015,9022134,3407368
2017.192308,3863201,8257114,3831573,1789561,2005945,5232933,5826858,4186693,3045027,4451595,4477142,7968110,5537761,10716264,1741264,1741264,3195015,9022134,3407368
2017.230769,3863201,8257114,3831573,1789561,2005945,5232933,5826858,4186693,3045027,4451595,4477142,7968110,5537761,10716264,1741264,1741264,3195015,9022134,3407368
2017.269231,3863201,8257114,3831573,1789561,2005945,5232933,5826858,4186693,3045027,4451595,4477142,7968110,5537761,10716264,1741264,1741264,3195015,9022134,3407368
2017.307692,3863201,8257114,3831573,1789561,2005945,5232933,5826858,4186693,3045027,4451595,4477142,7968110,5537761,10716264,1741264,1741264,3195015,9022134,3407368
2017.346154,3863201,8257114,3831573,1789561,2005945,5232933,5826858,4186693,3045027,4451595,4477142,7968110,5537761,10716264,1741264,1741264,3195015,9022134,3407368
2017.384615,3863201,8257114,3831573,1789561,2005945,5232933,5826858,4186693,3045027,4451595,4477142,7968110,5537761,10716264,1741264,1741264,3195015,9022134,3407368
2017.423077,3863201,8257114,3831573,1789561,2005945,5232933,5826858,4186693,3045027,4451595,4477142,7968110,5537761,10716264,1741264,1741264,3195015,9022134,3407368
2017.461538,3863201,8257114,3831573,1789561,2005945,5232933,5826858,4186693,3045027,4451595,4477142,7968110,5537761,10716264,1741264,1741264,3195015,9022134,3407368
2017.5,3863201,8257114,3831573,1789561,2005945,5232933,5826858,4186693,3045027,4451595,4477142,7968110,5537761,10716264,1741264,1741264,3195015,9022134,3407368
2017.538462,3863201,8257114,3831573,1789561,2005945,5232933,5826858,4186693,3045027,4451595,4477142,7968110,5537761,10716264,1741264,1741264,3195015,9022134,3407368
2017.576923,3863201,8257114,3831573,1789561,2005945,5232933,5826858,4186693,3045027,4451595,4477142,7968110,5537761,10716264,1741264,1741264,3195015,9022134,3407368
2017.615385,3863201,8257114,3831573,1789561,2005945,5232933,5826858,4186693,3045027,4451595,4477142,7968110,5537761,10716264,1741264,1741264,3195015,9022134,3407368
2017.653846,3863201,8257114,3831573,1789561,2005945,5232933,5826858,4186693,3045027,4451595,4477142,7968110,5537761,10716264,1741264,1741264,3195015,9022134,3407368
2017.692308,3863201,8257114,3831573,1789561,2005945,5232933,5826858,4186693,3045027,4451595,4477142,7968110,5537761,10716264,1741264,1741264,3195015,9022134,3407368
2017.730769,3863201,8257114,3831573,1789561,2005945,5232933,5826858,4186693,3045027,4451595,4477142,7968110,5537761,10716264,1741264,1741264,3195015,9022134,3407368
2017.769231,3863201,8257114,3831573,1789561,2005945,5232933,5826858,4186693,3045027,4451595,4477142,7968110,5537761,10716264,1741264,1741264,3195015,9022134,3407368
2017.807692,3863201,8257114,3831573,1789561,2005945,5232933,5826858,4186693,3045027,4451595,4477142,7968110,5537761,10716264,1741264,1741264,3195015,9022134,3407368
2017.846154,3863201,8257114,3831573,1789561,2005945,5232933,5826858,4186693,3045027,4451595,4477142,7968110,5537761,10716264,1741264,1741264,3195015,9022134,3407368
2017.884615,3863201,8257114,3831573,1789561,2005945,5232933,5826858,4186693,3045027,4451595,4477142,7968110,5537761,10716264,1741264,1741264,3195015,9022134,3407368
2017.923077,3863201,8257114,3831573,1789561,2005945,5232933,5826858,4186693,3045027,4451595,4477142,7968110,5537761,10716264,1741264,1741264,3195015,9022134,3407368
2017.961538,3863201,8257114,3831573,1789561,2005945,5232933,5826858,4186693,3045027,4451595,4477142,7968110,5537761,10716264,1741264,1741264,3195015,9022134,3407368
2018,3863201,8350638,3831573,1789561,2005945,5232933,5826858,4186693,3045027,4451595,4477142,7968110,5537761,10716264,1741264,1741264,3195015,9022134,3407368
2018.038462,3909504,8350638,3889367,1809173,2033767,5299627,5879786,4241420,3084406,4444123,4564149,8122057,5601983,10838767,1634220,1634220,3241437,9174064,3479072
2018.076923,3909504,8350638,3889367,1809173,2033767,5299627,5879786,4241420,3084406,4444123,4564149,8122057,5601983,10838767,1634220,1634220,3241437,9174064,3479072
2018.115385,3909504,8350638,3889367,1809173,2033767,5299627,5879786,4241420,3084406,4444123,4564149,8122057,5601983,10838767,1634220,1634220,3241437,9174064,3479072
2018.153846,3909504,8350638,3889367,1809173,2033767,5299627,5879786,4241420,3084406,4444123,4564149,8122057,5601983,10838767,1634220,1634220,3241437,9174064,3479072
2018.192308,3909504,8350638,3889367,1809173,2033767,5299627,5879786,4241420,3084406,4444123,4564149,8122057,5601983,10838767,1634220,1634220,3241437,9174064,3479072
2018.230769,3909504,8350638,3889367,1809173,2033767,5299627,5879786,4241420,3084406,4444123,4564149,8122057,5601983,10838767,1634220,1634220,3241437,9174064,3479072
2018.269231,3909504,8350638,3889367,1809173,2033767,5299627,5879786,4241420,3084406,4444123,4564149,8122057,5601983,10838767,1634220,1634220,3241437,9174064,3479072
2018.307692,3909504,8350638,3889367,1809173,2033767,5299627,5879786,4241420,3084406,4444123,4564149,8122057,5601983,10838767,1634220,1634220,3241437,9174064,3479072
2018.346154,3909504,8350638,3889367,1809173,2033767,5299627,5879786,4241420,3084406,4444123,4564149,8122057,5601983,10838767,1634220,1634220,3241437,9174064,3479072
2018.384615,3909504,8350638,3889367,1809173,2033767,5299627,5879786,4241420,3084406,4444123,4564149,8122057,5601983,10838767,1634220,1634220,3241437,9174064,3479072
2018.423077,3909504,8350638,3889367,1809173,2033767,5299627,5879786,4241420,3084406,4444123,4564149,8122057,5601983,10838767,1634220,1634220,3241437,9174064,3479072
2018.461538,3909504,8350638,3889367,1809173,2033767,5299627,5879786,4241420,3084406,4444123,4564149,8122057,5601983,10838767,1634220,1634220,3241437,9174064,3479072
2018.5,3909504,8350638,3889367,1809173,2033767,5299627,5879786,4241420,3084406,4444123,4564149,8122057,5601983,10838767,1634220,1634220,3241437,9174064,3479072
2018.538462,3909504,8350638,3889367,1809173,2033767,5299627,5879786,4241420,3084406,4444123,4564149,8122057,5601983,10838767,1634220,1634220,3241437,9174064,3479072
2018.576923,3909504,8350638,3889367,1809173,2033767,5299627,5879786,4241420,3084406,4444123,4564149,8122057,5601983,10838767,1634220,1634220,3241437,9174064,3479072
2018.615385,3909504,8350638,3889367,1809173,2033767,5299627,5879786,4241420,3084406,4444123,4564149,8122057,5601983,10838767,1634220,1634220,3241437,9174064,3479072
2018.653846,3909504,8350638,3889367,1809173,2033767,5299627,5879786,4241420,3084406,4444123,4564149,8122057,5601983,10838767,1634220,1634220,3241437,9174064,3479072
2018.692308,3909504,8350638,3889367,1809173,2033767,5299627,5879786,4241420,3084406,4444123,4564149,8122057,5601983,10838767,1634220,1634220,3241437,9174064,3479072
2018.730769,3909504,8350638,3889367,1809173,2033767,5299627,5879786,4241420,3084406,4444123,4564149,8122057,5601983,10838767,1634220,1634220,3241437,9174064,3479072
2018.769231,3909504,8350638,3889367,1809173,2033767,5299627,5879786,4241420,3084406,4444123,4564149,8122057,5601983,10838767,1634220,1634220,3241437,9174064,3479072
2018.807692,3909504,8350638,3889367,1809173,2033767,5299627,5879786,4241420,3084406,4444123,4564149,8122057,5601983,10838767,1634220,1634220,3241437,9174064,3479072
2018.846154,3909504,8350638,3889367,1809173,2033767,5299627,5879786,4241420,3084406,4444123,4564149,8122057,5601983,10838767,1634220,1634220,3241437,9174064,3479072
2018.884615,3909504,8350638,3889367,1809173,2033767,5299627,5879786,4241420,3084406,4444123,4564149,8122057,5601983,10838767,1634220,1634220,3241437,9174064,3479072
2018.923077,3909504,8350638,3889367,1809173,2033767,5299627,5879786,4241420,3084406,4444123,4564149,8122057,5601983,10838767,1634220,1634220,3241437,9174064,3479072
2018.961538,3909504,8350638,3889367,1809173,2033767,5299627,5879786,4241420,3084406,4444123,4564149,8122057,5601983,10838767,1634220,1634220,3241437,9174064,3479072
2019,3909504,8445221,3889367,1809173,2033767,5299627,5879786,4241420,3084406,4444123,4564149,8122057,5601983,10838767,1634220,1634220,3241437,9174064,3479072
2019.038462,3956362,8445221,3948033,1829000,2061976,5367171,5933195,4296862,3124295,4436663,4652847,8278978,5666950,10962670,1533757,1533757,3288534,9328551,3552285
2019.076923,3956362,8445221,3948033,1829000,2061976,5367171,5933195,4296862,3124295,4436663,4652847,8278978,5666950,10962670,1533757,1533757,3288534,9328551,3552285
2019.115385,3956362,8445221,3948033,1829000,2061976,5367171,5933195,4296862,3124295,4436663,4652847,8278978,5666950,10962670,1533757,1533757,3288534,9328551,3552285
2019.153846,3956362,8445221,3948033,1829000,2061976,5367171,5933195,4296862,3124295,4436663,4652847,8278978,5666950,10962670,1533757,1533757,3288534,9328551,3552285
2019.192308,3956362,8445221,3948033,1829000,2061976,5367171,5933195,4296862,3124295,4436663,4652847,8278978,5666950,10962670,1533757,1533757,3288534,9328551,3552285
2019.230769,3956362,8445221,3948033,1829000,2061976,5367171,5933195,4296862,3124295,4436663,4652847,8278978,5666950,10962670,1533757,1533757,3288534,9328551,3552285
2019.269231,3956362,8445221,3948033,1829000,2061976,5367171,5933195,4296862,3124295,4436663,4652847,8278978,5666950,10962670,1533757,1533757,3288534,9328551,3552285
2019.307692,3956362,8445221,3948033,1829000,2061976,5367171,5933195,4296862,3124295,4436663,4652847,8278978,5666950,10962670,1533757,1533757,3288534,9328551,3552285
2019.346154,3956362,8445221,3948033,1829000,2061976,5367171,5933195,4296862,3124295,4436663,4652847,8278978,5666950,10962670,1533757,1533757,3288534,9328551,3552285
2019.384615,3956362,8445221,3948033,1829000,2061976,5367171,5933195,4296862,3124295,4436663,4652847,8278978,5666950,10962670,1533757,1533757,3288534,9328551,3552285
2019.423077,3956362,8445221,3948033,1829000,2061976,5367171,5933195,4296862,3124295,4436663,4652847,8278978,5666950,10962670,1533757,1533757,3288534,9328551,3552285
2019.461538,3956362,8445221,3948033,1829000,2061976,5367171,5933195,4296862,3124295,4436663,4652847,8278978,5666950,10962670,1533757,1533757,3288534,9328551,3552285
2019.5,3956362,8445221,3948033,1829000,2061976,5367171,5933195,4296862,3124295,4436663,4652847,8278978,5666950,10962670,1533757,1533757,3288534,9328551,3552285
2019.538462,3956362,8445221,3948033,1829000,2061976,5367171,5933195,4296862,3124295,4436663,4652847,8278978,5666950,10962670,1533757,1533757,3288534,9328551,3552285
2019.576923,3956362,8445221,3948033,1829000,2061976,5367171,5933195,4296862,3124295,4436663,4652847,8278978,5666950,10962670,1533757,1533757,3288534,9328551,3552285
2019.615385,3956362,8445221,3948033,1829000,2061976,5367171,5933195,4296862,3124295,4436663,4652847,8278978,5666950,10962670,1533757,1533757,3288534,9328551,3552285
2019.653846,3956362,8445221,3948033,1829000,2061976,5367171,5933195,4296862,3124295,4436663,4652847,8278978,5666950,10962670,1533757,1533757,3288534,9328551,3552285
2019.692308,3956362,8445221,3948033,1829000,2061976,5367171,5933195,4296862,3124295,4436663,4652847,8278978,5666950,10962670,1533757,1533757,3288534,9328551,3552285
2019.730769,3956362,8445221,3948033,1829000,2061976,5367171,5933195,4296862,3124295,4436663,4652847,8278978,5666950,10962670,1533757,1533757,3288534,9328551,3552285
2019.769231,3956362,8445221,3948033,1829000,2061976,5367171,5933195,4296862,3124295,4436663,4652847,8278978,5666950,10962670,1533757,1533757,3288534,9328551,3552285
2019.807692,3956362,8445221,3948033,1829000,2061976,5367171,5933195,4296862,3124295,4436663,4652847,8278978,5666950,10962670,1533757,1533757,3288534,9328551,3552285
2019.846154,3956362,8445221,3948033,1829000,2061976,5367171,5933195,4296862,3124295,4436663,4652847,8278978,5666950,10962670,1533757,1533757,3288534,9328551,3552285
2019.884615,3956362,8445221,3948033,1829000,2061976,5367171,5933195,4296862,3124295,4436663,4652847,8278978,5666950,10962670,1533757,1533757,3288534,9328551,3552285
